<?xml version="1.0" encoding="UTF-8"?>

<!DOCTYPE struts PUBLIC
        "-//Apache Software Foundation//DTD Struts Configuration 2.5//EN"
        "http://struts.apache.org/dtds/struts-2.5.dtd">

<struts>
    <constant name="struts.devMode" value="true" />
    <constant name="struts.enable.DynamicMethodInvocation" value="false"/>
    <constant name="struts.custom.i18n.resources" value="mesTextes"></constant>

    <package name="/" extends="struts-default">
        <default-action-ref name="accueil"></default-action-ref>
        <action name="connexion" class="actions.Connexion">
            <result name="success">/WEB-INF/views/menu.jsp</result>
            <result name="input">/WEB-INF/views/accueil.jsp</result>
        </action>

        <action name="accueil">
            <result>/WEB-INF/views/accueil.jsp</result>
        </action>

        <action name="menu" class="actions.Menu">
            <result name="success">/WEB-INF/views/demineur.jsp</result>
            <result name="input">/WEB-INF/views/menu.jsp</result>
        </action>
        <action name="jouer" class="actions.Jouer">
            <result name="success">/WEB-INF/views/demineur.jsp</result>
            <result name="gagne">/WEB-INF/views/gagne.jsp</result>
            <result name="perdu">/WEB-INF/views/perdu.jsp</result>
        </action>




    </package>
</struts>